<?xml version="1.0" encoding="UTF-8"?>
<project-private xmlns="http://www.netbeans.org/ns/project-private/1">
    <editor-bookmarks xmlns="http://www.netbeans.org/ns/editor-bookmarks/2" lastBookmarkId="0"/>
    <open-files xmlns="http://www.netbeans.org/ns/projectui-open-files/2">
        <group>
            <file>file:/D:/github/Arducam_Mega/examples/MicroChip/same54_xpro_arducam_mega/firmware/src/uart.h</file>
            <file>file:/D:/github/Arducam_Mega/examples/MicroChip/same54_xpro_arducam_mega/firmware/src/config/arducam_mega/definitions.h</file>
            <file>file:/D:/github/Arducam_Mega/src/Arducam/ArducamCamera.h</file>
            <file>file:/D:/github/Arducam_Mega/examples/MicroChip/same54_xpro_arducam_mega/firmware/src/config/arducam_mega/device.h</file>
            <file>file:/D:/github/Arducam_Mega/examples/MicroChip/same54_xpro_arducam_mega/firmware/src/packs/ATSAME54P20A_DFP/same54p20a.h</file>
            <file>file:/D:/github/Arducam_Mega/src/Arducam/Platform.h</file>
            <file>file:/D:/github/Arducam_Mega/examples/MicroChip/same54_xpro_arducam_mega/firmware/src/main.c</file>
        </group>
    </open-files>
</project-private>
